code examples,prefix,middle,suffix,completion,exact_match,bleu,chrf,levenshtein_distance
"def shoot(self):
    if self.cool_down_counter == 0:
        laser = Laser(self.x, self.y, self.laser_img)
        self.lasers.append(laser)
        self.cool_down_counter = 1","def shoot(self):
    if self.cool_down_counter == 0:
        laser = Laser(self.x, self.y, self.laser_img)",        self.lasers.append(laser),        self.cool_down_counter = 1,"def shoot(self):
    if self.cool_down_counter == 0:
        laser = Laser(self.x, self.y, self.laser_img)
        laser.shoot()
        self.cool_down_counter = 1
        self.laser_img = laser.laser_img
        self.laser_img = pygame.transform.scale(laser.laser_",0,0.5530711031691576,80.44315701365431,115
"def chat():
    print(""Start talking with the bot: (Press q to quit)"")
    while True:
        inp = input(""You: "")
        if inp.lower() == ""q"":
            break       
        result = model.predict([bag_of_words(inp, words)])[0]
        result_index = numpy.argmax(result)
        tag = labels[result_index]
        if result[result_index] > 0.1:
            for tg in data[""intents""]:
                if tg[""tag""] == tag:
                    responses = tg[""responses""]
            print(random.choice(responses))
        else: 
            print(""I did not understand that!"")","def chat():
    print(""Start talking with the bot: (Press q to quit)"")
    while True:
        inp = input(""You: "")
        if inp.lower() == ""q"":
            break       
        result = model.predict([bag_of_words(inp, words)])[0]
        result_index = numpy.argmax(result)
        tag = labels[result_index]
        if result[result_index] > 0.1:
            for tg in data[""intents""]:","                if tg[""tag""] == tag:","                    responses = tg[""responses""]
            print(random.choice(responses))
        else: 
            print(""I did not understand that!"")","def chat():
    print(""Start talking with the bot: (Press q to quit)"")
    while True:
        inp = input(""You: "")
        if inp.lower() == ""q"":
            break       
        result = model.predict([bag_of_words(inp, words)])[0]
        result_index = numpy.argmax(result)
        tag = labels[result_index]
        if result[result_index] > 0.1:
            for tg in data[""intents""]:
                if tg[""tag""] == tag:
                    tg[""confidence""] = 1.0
                    tg[""confidence_index""] = result_index
                    tg[""confidence_index_index""] = result_index
                    tg[""confidence_index_",0,0.8139875114936778,77.69832742627841,137
"def clicker():
    while True:
        if clicking:
            mouse.click(Button.left, 1)
        time.sleep(0.00001)","def clicker():
    while True:",        if clicking:,"            mouse.click(Button.left, 1)
        time.sleep(0.00001)","def clicker():
    while True:
        try:
            clicker.click()
        except KeyboardInterrupt:
            break


def main():
    clicker()


if __name__ == '__main__':
    main()
",0,0.1513851459876605,38.57913794079369,121
"class ApartmentItem(scrapy.Item):
    title = scrapy.Field()
    price = scrapy.Field()
    square_price = scrapy.Field()
    area = scrapy.Field()
    rooms = scrapy.Field()
    floor = scrapy.Field()
    city = scrapy.Field()
    location = scrapy.Field()
    source = scrapy.Field()",class ApartmentItem(scrapy.Item):,    title = scrapy.Field(),"    price = scrapy.Field()
    square_price = scrapy.Field()
    area = scrapy.Field()
    rooms = scrapy.Field()
    floor = scrapy.Field()
    city = scrapy.Field()
    location = scrapy.Field()
    source = scrapy.Field()","class ApartmentItem(scrapy.Item):
    name = scrapy.Field()
    price = scrapy.Field()
    image_url = scrapy.Field()
    image_name = scrapy.Field()
    image_description = scrapy.Field()
    image_category",0,0.1647823897808607,54.230257267788865,109
"@router.post(""/"", status_code=status.HTTP_201_CREATED, response_model=schemas.UserOut)
def create_user(user: schemas.UserCreate, db: Session = Depends(get_db)):
    hashed_password = utils.hash(user.password)
    user.password = hashed_password
    new_user = models.User(**user.model_dump())
    db.add(new_user)
    db.commit()
    db.refresh(new_user)
    return new_user","@router.post(""/"", status_code=status.HTTP_201_CREATED, response_model=schemas.UserOut)
def create_user(user: schemas.UserCreate, db: Session = Depends(get_db)):
    hashed_password = utils.hash(user.password)
    user.password = hashed_password",    new_user = models.User(**user.model_dump()),"    db.add(new_user)
    db.commit()
    db.refresh(new_user)
    return new_user","@router.post(""/"", status_code=status.HTTP_201_CREATED, response_model=schemas.UserOut)
def create_user(user: schemas.UserCreate, db: Session = Depends(get_db)):
    hashed_password = utils.hash(user.password)
    user.password = hashed_password
    db.add(user)
    db.commit()
    return user


@router.get(""/{user_id}"", response_model=schemas.UserOut)
def get_user(user_id: int, db:",0,0.6083390278836109,80.79503263350085,112
"class Settings(BaseSettings):
    database_hostname: str
    database_port: str
    database_password: str
    database_name: str
    database_username: str
    secret_key: str
    algorithm: str
    access_token_expire_minutes: int

    class Config:
        env_file = "".env""","class Settings(BaseSettings):
    database_hostname: str
    database_port: str",    database_password: str,"    database_name: str
    database_username: str
    secret_key: str
    algorithm: str
    access_token_expire_minutes: int

    class Config:
        env_file = "".env""","class Settings(BaseSettings):
    database_hostname: str
    database_port: str
    database_user: str
    database_password: str
    database_name: str
    database_port_in_use: int
    database_port_out_use: int
    database_port_in_use_in_use",0,0.3563653702285612,61.91618506799044,102
"def get_db():
    db = SessionLocal()
    try:
        yield db
    finally:
        db.close()",def get_db():,    db = SessionLocal(),"    try:
        yield db
    finally:
        db.close()","def get_db():
    """"""
    Get the database connection.
    """"""
    return get_db_connection()


def get_db_connection():
    """"""
    Get the database connection.
    """"""
    return get_db_connection_from_env()

",0,0.020364851292391,21.65516459861984,148
"class Follow(Base):
    __tablename__ = ""followers""
    user_id = Column(
        Integer, ForeignKey(""users.id"", ondelete=""CASCADE""), primary_key=True
    )
    follow_user_id = Column(
        Integer, ForeignKey(""users.id"", ondelete=""CASCADE""), primary_key=True","class Follow(Base):
    __tablename__ = ""followers""
    user_id = Column(","        Integer, ForeignKey(""users.id"", ondelete=""CASCADE""), primary_key=True","    )
    follow_user_id = Column(
        Integer, ForeignKey(""users.id"", ondelete=""CASCADE""), primary_key=True","class Follow(Base):
    __tablename__ = ""followers""
    user_id = Column(Integer, ForeignKey(""users.id""), primary_key=True)
    follower_id = Column(Integer, ForeignKey(""users.id""), primary_key=True)
    follower = relationship(""User"", back_populates",0,0.3023858407554745,79.38637864900751,106
"class User(Base):
    __tablename__ = ""users""
    id = Column(Integer, primary_key=True, nullable=False)
    email = Column(String, nullable=False, unique=True)
    password = Column(String, nullable=False)
    created_at = Column(
        TIMESTAMP(timezone=True), nullable=False, server_default=text(""now()"")
    )
    followers = Column(Integer, nullable=False)
    following = Column(Integer, nullable=False)",class User(Base):,"    __tablename__ = ""users""","    id = Column(Integer, primary_key=True, nullable=False)
    email = Column(String, nullable=False, unique=True)
    password = Column(String, nullable=False)
    created_at = Column(
        TIMESTAMP(timezone=True), nullable=False, server_default=text(""now()"")
    )
    followers = Column(Integer, nullable=False)
    following = Column(Integer, nullable=False)","class User(Base):
    __tablename__ = 'users'

    id = Column(Integer, primary_key=True)
    username = Column(String(255), unique=True)
    email = Column(String(255), unique=True",0,0.08926367564192395,36.789947783713195,260
"def preprocess_face(face):
    face_resized = cv2.resize(face, (48, 48))
    face_normalized = face_resized / 255.0
    face_input = np.expand_dims(face_normalized, axis=(0, -1))
    return face_input",def preprocess_face(face):,"    face_resized = cv2.resize(face, (48, 48))","    face_normalized = face_resized / 255.0
    face_input = np.expand_dims(face_normalized, axis=(0, -1))
    return face_input","def preprocess_face(face):
    face_data = face.get_data()
    face_data = face_data.reshape(1, 1024, 1024, 3)
    face_data = face_data.astype(",0,0.02657516680666898,32.18887439425025,121
"def predict_facial_attributes(face_input):
    gender_pred, ethnicity_pred, age_pred = model.predict(face_input)
    gender = ""Male"" if gender_pred[0][0] < 0.5 else ""Female""
    ethnicity = {
        0: ""White"",
        1: ""Black"",
        2: ""Asiatic"",
        3: ""Indian"",
        4: ""Other""
    }.get(np.argmax(ethnicity_pred[0]), ""Unknown"")
    age = int(age_pred[0][0])
    return gender, ethnicity, age","def predict_facial_attributes(face_input):
    gender_pred, ethnicity_pred, age_pred = model.predict(face_input)
    gender = ""Male"" if gender_pred[0][0] < 0.5 else ""Female""
    ethnicity = {
        0: ""White"",
        1: ""Black"",
        2: ""Asiatic"",
        3: ""Indian"",
        4: ""Other""","    }.get(np.argmax(ethnicity_pred[0]), ""Unknown"")","    age = int(age_pred[0][0])
    return gender, ethnicity, age","def predict_facial_attributes(face_input):
    gender_pred, ethnicity_pred, age_pred = model.predict(face_input)
    gender = ""Male"" if gender_pred[0][0] < 0.5 else ""Female""
    ethnicity = {
        0: ""White"",
        1: ""Black"",
        2: ""Asiatic"",
        3: ""Indian"",
        4: ""Other""
    }[ethnicity_pred[0][0]]
    age = ""18"" if age_pred[0][0] < 18 else ""20""
    return gender, ethnicity, age


def",0,0.7202883265576352,86.86555068448338,57
"def predict_attributes(image_path):
    try:
        img, gray_img = load_and_preprocess_image(image_path)
        faces = detect_faces(gray_img)
        if len(faces) == 0:
            print(""No faces detected."")
            return
        for (x, y, w, h) in faces:
            face = gray_img[y : y + h, x : x + w]
            face_input = preprocess_face(face)
            gender, ethnicity, age = predict_facial_attributes(face_input)
            img = annotate_image(img, x, y, gender, ethnicity, age)
        cv2.imshow('Facial Attribute Recognition', cv2.resize(img, (512, 512)))
        cv2.waitKey(0)
        cv2.destroyAllWindows()
    
    except Exception as e:
        print(f""Error: {e}"")",def predict_attributes(image_path):,    try:,"        img, gray_img = load_and_preprocess_image(image_path)
        faces = detect_faces(gray_img)
        if len(faces) == 0:
            print(""No faces detected."")
            return
        for (x, y, w, h) in faces:
            face = gray_img[y : y + h, x : x + w]
            face_input = preprocess_face(face)
            gender, ethnicity, age = predict_facial_attributes(face_input)
            img = annotate_image(img, x, y, gender, ethnicity, age)
        cv2.imshow('Facial Attribute Recognition', cv2.resize(img, (512, 512)))
        cv2.waitKey(0)
        cv2.destroyAllWindows()
    
    except Exception as e:
        print(f""Error: {e}"")","def predict_attributes(image_path):
    """"""
    Predicts attributes of an image.

    :param image_path: Path to the image.
    :return: Predicted attributes.
    """"""
    image = cv2.imread(image_path)
    image = cv2.",0,0.00331710170672927,21.099295011792833,550
"def predict_attributes(image_path):
    img = cv2.imread(image_path)
    img = cv2.resize(img, (512, 512))
    if img is None:
        print(f""Error: Image at {image_path} could not be loaded."")
        return
    gray_img = cv2.cvtColor(img, cv2.COLOR_BGR2GRAY)
    faces = face_cascade.detectMultiScale(gray_img, scaleFactor=1.3, minNeighbors=5)
    if len(faces) == 0:
        print(""No faces detected."")
        return
    for (x, y, w, h) in faces:
        face = gray_img[y : y + h, x : x + w]
        face_resized = cv2.resize(face, (48, 48))
        face_normalized = face_resized / 255.0
        face_input = np.expand_dims(face_normalized, axis=(0, -1))
        gender_pred, ethnicity_pred, age_pred = model.predict(face_input)
        gender = ""Male"" if gender_pred[0][0] < 0.5 else ""Female""
        match np.argmax(ethnicity_pred[0]):
            case 0:
                ethnicity = ""White""
            case 1:
                ethnicity = ""Black""
            case 2:
                ethnicity = ""Asiatic""
            case 3:
                ethnicity = ""Indian""
            case 4:
                ethnicity = ""Other""
        age = age_pred[0][0]
        
        cv2.putText(img, f""Gender: {gender}"", (x, y - 50), text_font, text_fontScale, text_color, text_thickness)
        cv2.putText(img, f""Ethnicity: {ethnicity}"", (x, y - 30), text_font, text_fontScale, text_color, text_thickness)
        cv2.putText(img, f""Age: {int(age)}"", (x, y - 10), text_font, text_fontScale, text_color, text_thickness)
    
    cv2.imshow('Facial Attribute Recognition', cv2.resize(img, (512, 512)))
    
    cv2.waitKey(0)
    cv2.destroyAllWindows()

predict_attributes(image_path)","def predict_attributes(image_path):
    img = cv2.imread(image_path)
    img = cv2.resize(img, (512, 512))
    if img is None:
        print(f""Error: Image at {image_path} could not be loaded."")
        return
    gray_img = cv2.cvtColor(img, cv2.COLOR_BGR2GRAY)
    faces = face_cascade.detectMultiScale(gray_img, scaleFactor=1.3, minNeighbors=5)
    if len(faces) == 0:
        print(""No faces detected."")
        return
    for (x, y, w, h) in faces:
        face = gray_img[y : y + h, x : x + w]
        face_resized = cv2.resize(face, (48, 48))
        face_normalized = face_resized / 255.0
        face_input = np.expand_dims(face_normalized, axis=(0, -1))
        gender_pred, ethnicity_pred, age_pred = model.predict(face_input)","        gender = ""Male"" if gender_pred[0][0] < 0.5 else ""Female""","        match np.argmax(ethnicity_pred[0]):
            case 0:
                ethnicity = ""White""
            case 1:
                ethnicity = ""Black""
            case 2:
                ethnicity = ""Asiatic""
            case 3:
                ethnicity = ""Indian""
            case 4:
                ethnicity = ""Other""
        age = age_pred[0][0]
        
        cv2.putText(img, f""Gender: {gender}"", (x, y - 50), text_font, text_fontScale, text_color, text_thickness)
        cv2.putText(img, f""Ethnicity: {ethnicity}"", (x, y - 30), text_font, text_fontScale, text_color, text_thickness)
        cv2.putText(img, f""Age: {int(age)}"", (x, y - 10), text_font, text_fontScale, text_color, text_thickness)
    
    cv2.imshow('Facial Attribute Recognition', cv2.resize(img, (512, 512)))
    
    cv2.waitKey(0)
    cv2.destroyAllWindows()

predict_attributes(image_path)","def predict_attributes(image_path):
    img = cv2.imread(image_path)
    img = cv2.resize(img, (512, 512))
    if img is None:
        print(f""Error: Image at {image_path} could not be loaded."")
        return
    gray_img = cv2.cvtColor(img, cv2.COLOR_BGR2GRAY)
    faces = face_cascade.detectMultiScale(gray_img, scaleFactor=1.3, minNeighbors=5)
    if len(faces) == 0:
        print(""No faces detected."")
        return
    for (x, y, w, h) in faces:
        face = gray_img[y : y + h, x : x + w]
        face_resized = cv2.resize(face, (48, 48))
        face_normalized = face_resized / 255.0
        face_input = np.expand_dims(face_normalized, axis=(0, -1))
        gender_pred, ethnicity_pred, age_pred = model.predict(face_input)
        gender_pred = gender_pred.flatten()
        ethnicity_pred = ethnicity_pred.flatten()
        age_pred = age_pred.flatten()
        gender_pred = gender_pred.reshape(1,",0,0.4107049114551574,56.524343423000055,803
"def twoSum(nums, target):
    map = {}
    for i, num in enumerate(nums):
        diff = target - num
        if diff in map:
            return [map[diff], i]
        map[num] = i
    return None","def twoSum(nums, target):
    map = {}
    for i, num in enumerate(nums):
        diff = target - num",        if diff in map:,"            return [map[diff], i]
        map[num] = i
    return None","def twoSum(nums, target):
    map = {}
    for i, num in enumerate(nums):
        diff = target - num
        if diff in map:
            map[diff] += 1
        else:
            map[diff] = 1
    return map


def twoSum2(nums, target):
    map = {}
    for i, num in enumerate",0,0.49141334629113187,74.17043696285111,103
"def divide(dividend, divisor):
    if dividend == -(2**31) and divisor == -1:
        return (2**31) - 1     
    return int(dividend / divisor)","def divide(dividend, divisor):
    if dividend == -(2**31) and divisor == -1:",        return (2**31) - 1     ,    return int(dividend / divisor),"def divide(dividend, divisor):
    if dividend == -(2**31) and divisor == -1:
        return 0
    elif dividend == 0 and divisor == 0:
        return 1
    elif dividend == 1 and divisor == 0:
        return 0
    elif dividend == 0 and divisor",0,0.2894694263372062,70.26313689275433,114
"def reverse(x):
    result = 0
    negative = x < 0
    x = abs(x)
    while x != 0:
        result = result * 10 + x % 10
        x //= 10
    if negative:
        result = -result
    if result < -2 ** 31 or result > 2 ** 31 - 1:
        return 0
    return result",def reverse(x):,    result = 0,"    negative = x < 0
    x = abs(x)
    while x != 0:
        result = result * 10 + x % 10
        x //= 10
    if negative:
        result = -result
    if result < -2 ** 31 or result > 2 ** 31 - 1:
        return 0
    return result","def reverse(x):
    return x[::-1]

def reverse_list(x):
    return x[::-1]

def reverse_dict(x):
    return x[::-1]

def reverse_set(x):
    return",0,0.002821105336940996,23.13131754707681,191
"def romanToInt(s):
    result = 0
    previous_value = 0
    roman = {'I': 1,'V': 5,'X': 10,'L': 50,'C': 100,'D': 500,'M': 1000}
    for i in reversed(s):
        value = roman[i]
        if value < previous_value:
            result -= value
        else:
            result += value
        previous_value = value
    return result","def romanToInt(s):
    result = 0
    previous_value = 0
    roman = {'I': 1,'V': 5,'X': 10,'L': 50,'C': 100,'D': 500,'M': 1000}
    for i in reversed(s):",        value = roman[i],"        if value < previous_value:
            result -= value
        else:
            result += value
        previous_value = value
    return result","def romanToInt(s):
    result = 0
    previous_value = 0
    roman = {'I': 1,'V': 5,'X': 10,'L': 50,'C': 100,'D': 500,'M': 1000}
    for i in reversed(s):
        if i in roman:
            result += roman[i]
            previous_value = roman[i]
        else:
            result += previous_value
            previous_value = i
    return result

def romanToInt2",0,0.5830753039928731,81.87998107392987,85
"def longestConsecutive(nums):
    nums = set(nums)
    maximum = 0
    for num in nums:
        if (num - 1) not in nums:
            counter = 0
            while (num + counter) in nums:
                counter += 1
            maximum = max(maximum, counter)    
    return maximum","def longestConsecutive(nums):
    nums = set(nums)
    maximum = 0
    for num in nums:
        if (num - 1) not in nums:
            counter = 0",            while (num + counter) in nums:,"                counter += 1
            maximum = max(maximum, counter)    
    return maximum","def longestConsecutive(nums):
    nums = set(nums)
    maximum = 0
    for num in nums:
        if (num - 1) not in nums:
            counter = 0
            for i in range(len(nums)):
                if (num - i) in nums:
                    counter += 1
            if counter > maximum:
                maximum = counter
    return maximum

def longestConsecutive2(nums):
    nums",0,0.5587724667815115,78.18658731757894,125
"def wordPattern(pattern, s):
    word_map = {}
    s = s.split()
    if len(s) != len(pattern):
        return False
    for index, char in enumerate(pattern):
        if char not in word_map:
            if s[index] in word_map.values():
                return False
            word_map[char] = s[index]
        elif word_map[char] != s[index]:
            return False
    return True","def wordPattern(pattern, s):
    word_map = {}
    s = s.split()
    if len(s) != len(pattern):
        return False
    for index, char in enumerate(pattern):",        if char not in word_map:,"            if s[index] in word_map.values():
                return False
            word_map[char] = s[index]
        elif word_map[char] != s[index]:
            return False
    return True","def wordPattern(pattern, s):
    word_map = {}
    s = s.split()
    if len(s) != len(pattern):
        return False
    for index, char in enumerate(pattern):
        if char not in word_map:
            word_map[char] = index
        else:
            return False
    return True


def wordPattern2(pattern, s):
    word_map = {}
    s = s.split",0,0.6565343540968354,74.75646101879235,123
"def longestPalindrome(s):
    map = {}
    counter = 0
    odd = False
    for char in s:
        if char not in map:
            map[char] = 1
        elif char in map:
            map[char] += 1
    for key, value in map.items():
        if value % 2 == 0:
            counter += value
        elif value % 2 != 0:
            counter += value - 1
            odd = True
    return counter + 1 if odd else counter","def longestPalindrome(s):
    map = {}
    counter = 0
    odd = False
    for char in s:
        if char not in map:
            map[char] = 1
        elif char in map:",            map[char] += 1,"    for key, value in map.items():
        if value % 2 == 0:
            counter += value
        elif value % 2 != 0:
            counter += value - 1
            odd = True
    return counter + 1 if odd else counter","def longestPalindrome(s):
    map = {}
    counter = 0
    odd = False
    for char in s:
        if char not in map:
            map[char] = 1
        elif char in map:
            map[char] += 1
        else:
            map[char] = 1
            odd = True
    for char in s:
        if char not in map:
            map[char] = 1
        elif char in map:",0,0.48628800571629566,57.47745286096231,129
"def search(nums, target):
    left, right = 0, len(nums) - 1
    while left <= right:
        mid = (left + right) // 2
        if nums[mid] == target:
            return mid
        if nums[mid] < target:
            left = mid + 1
        else:
            right = mid - 1
    return -1","def search(nums, target):
    left, right = 0, len(nums) - 1
    while left <= right:
        mid = (left + right) // 2",        if nums[mid] == target:,"            return mid
        if nums[mid] < target:
            left = mid + 1
        else:
            right = mid - 1
    return -1","def search(nums, target):
    left, right = 0, len(nums) - 1
    while left <= right:
        mid = (left + right) // 2
        if nums[mid] == target:
            return mid
        elif nums[mid] < target:
            left = mid + 1
        else:
            right = mid - 1
    return -1


def main():
    nums =",0,0.8591169759078797,96.43268078673803,27
"def missingNumber(nums):
    n = len(nums)
    result = n * (n + 1) // 2
    for num in nums:
        result -= num
    return result","def missingNumber(nums):
    n = len(nums)
    result = n * (n + 1) // 2
    for num in nums:",        result -= num,    return result,"def missingNumber(nums):
    n = len(nums)
    result = n * (n + 1) // 2
    for num in nums:
        if num == 0:
            result += 1
    return result


def main():
    nums = [1, 2, 3, 4, 5, 6, 7, 8, 9,",0,0.4562460601070951,82.42990263254856,82
"def insertGreatestCommonDivisors(head):
    node = head
    while node.next:
        node.next = ListNode(gcd(node.val, node.next.val), node.next)
        node = node.next.next
    return head","def insertGreatestCommonDivisors(head):
    node = head
    while node.next:
        node.next = ListNode(gcd(node.val, node.next.val), node.next)",        node = node.next.next,    return head,"def insertGreatestCommonDivisors(head):
    node = head
    while node.next:
        node.next = ListNode(gcd(node.val, node.next.val), node.next)
        node = node.next
    return head


def gcd(a, b):
    while b != 0:
        a, b = b, a % b
    return a


def reverseList(head):
    node = head",0,0.3594318191493972,89.1780571919058,111
"def mergeInBetween(list1, a, b, list2):
    left = right = list1
    for _ in range(a - 1):
        left = left.next
    for _ in range(b):
        right = right.next
    left.next = list2
    while list2:
        list2 = list2.next
    left.next = right.next
    left = right.next = None
    return list1","def mergeInBetween(list1, a, b, list2):
    left = right = list1
    for _ in range(a - 1):
        left = left.next
    for _ in range(b):
        right = right.next
    left.next = list2
    while list2:",        list2 = list2.next,"    left.next = right.next
    left = right.next = None
    return list1","def mergeInBetween(list1, a, b, list2):
    left = right = list1
    for _ in range(a - 1):
        left = left.next
    for _ in range(b):
        right = right.next
    left.next = list2
    while list2:
        list2 = list2.next
    return left


def mergeTwoLists(list1, list2):
    if list1 is None:
        return list2
    if list2 is None:
        return list1
    if list1",0,0.6491472623718877,79.024070240042,101
"def reverseList(head):
    prev, curr = None, head
    while curr:
        temp = curr.next
        curr.next = prev
        prev = curr
        curr = temp
    return prev","def reverseList(head):
    prev, curr = None, head
    while curr:
        temp = curr.next
        curr.next = prev
        prev = curr",        curr = temp,    return prev,"def reverseList(head):
    prev, curr = None, head
    while curr:
        temp = curr.next
        curr.next = prev
        prev = curr
        curr = temp
    return prev

def reverseList2(head):
    prev, curr = None, head
    while curr:
        temp = curr.next
        curr.next = prev
        prev = curr
        curr = temp
    return",0,0.4937467133599397,83.39859391725466,170
"def swapPairs(self, head):
    if not head or not head.next:
        return head
    head.val, head.next.val = head.next.val, head.val
    self.swapPairs(head.next.next)
    return head","def swapPairs(self, head):",    if not head or not head.next:,"        return head
    head.val, head.next.val = head.next.val, head.val
    self.swapPairs(head.next.next)
    return head","def swapPairs(self, head):
        """"""
        :type head: ListNode
        :rtype: ListNode
        """"""
        if not head:
            return head
        p = head
        q = head
        while p and q:
            if p.val < q.val:
                p =",0,0.047973925170118475,36.63794033651614,161
"def oddEvenList(head):
    if not head or not head.next:
        return head
    odd = head
    even = head.next
    node = even
    while even and even.next:
        odd.next = odd.next.next
        even.next = even.next.next
        odd = odd.next
        even = even.next
    odd.next = node
    return head","def oddEvenList(head):
    if not head or not head.next:
        return head
    odd = head
    even = head.next
    node = even
    while even and even.next:
        odd.next = odd.next.next
        even.next = even.next.next
        odd = odd.next
        even = even.next",    odd.next = node,    return head,"def oddEvenList(head):
    if not head or not head.next:
        return head
    odd = head
    even = head.next
    node = even
    while even and even.next:
        odd.next = odd.next.next
        even.next = even.next.next
        odd = odd.next
        even = even.next
    return odd

def oddEvenList2(head):
    if not head or not head.next:
        return head
    odd = head
    even = head.next
    node = even
    while even and even.next:
        odd",0,0.582450295241522,86.8328289889523,155
"def mergeTwoLists(list1, list2):
    result = current = ListNode(0)
    while list1 and list2:
        if list1.val < list2.val:
            current.next = list1
            list1 = list1.next
        else:
            current.next = list2
            list2 = list2.next
        current = current.next
    if list1:
        current.next = list1
    elif list2:
        current.next = list2
    return result.next","def mergeTwoLists(list1, list2):
    result = current = ListNode(0)
    while list1 and list2:",        if list1.val < list2.val:,"            current.next = list1
            list1 = list1.next
        else:
            current.next = list2
            list2 = list2.next
        current = current.next
    if list1:
        current.next = list1
    elif list2:
        current.next = list2
    return result.next","def mergeTwoLists(list1, list2):
    result = current = ListNode(0)
    while list1 and list2:
        if list1.val < list2.val:
            result.next = list1
            list1 = list1.next
        else:
            result.next = list2
            list2 = list2.next
    if list1:",0,0.5146417663143915,68.10045054832896,140
"def quick_sort(arr):
    if len(arr) <= 1:
        return arr
    pivot = arr[len(arr) // 2]
    left = [x for x in arr if x < pivot]
    middle = [x for x in arr if x == pivot]
    right = [x for x in arr if x > pivot]
    return quick_sort(left) + middle + quick_sort(right)","def quick_sort(arr):
    if len(arr) <= 1:
        return arr
    pivot = arr[len(arr) // 2]",    left = [x for x in arr if x < pivot],"    middle = [x for x in arr if x == pivot]
    right = [x for x in arr if x > pivot]
    return quick_sort(left) + middle + quick_sort(right)","def quick_sort(arr):
    if len(arr) <= 1:
        return arr
    pivot = arr[len(arr) // 2]
    left = quick_sort(arr[:len(arr) // 2])
    right = quick_sort(arr[len(arr) // 2:])
    return quick_sort(left + [pivot]) + quick_sort(",0,0.24218527081676938,58.413727698299844,103
"def insertion_sort(arr):
    for i in range(1, len(arr)):
        key = arr[i]
        j = i - 1
        while j >= 0 and key < arr[j]:
            arr[j + 1] = arr[j]
            j -= 1
        arr[j + 1] = key
    return arr","def insertion_sort(arr):
    for i in range(1, len(arr)):
        key = arr[i]
        j = i - 1
        while j >= 0 and key < arr[j]:
            arr[j + 1] = arr[j]",            j -= 1,"        arr[j + 1] = key
    return arr","def insertion_sort(arr):
    for i in range(1, len(arr)):
        key = arr[i]
        j = i - 1
        while j >= 0 and key < arr[j]:
            arr[j + 1] = arr[j]
            j -= 1
        arr[j + 1] = key
    return arr


def insertion_sort_2(arr):
    for i in range(1, len(arr)):
        key = arr[i]
        j",0,0.7682732547003108,91.07700658696835,93
"def merge_sort(arr):
    if len(arr) > 1:
        mid = len(arr) // 2
        left = arr[:mid]
        right = arr[mid:]
        merge_sort(left)
        merge_sort(right)
        i = j = k = 0
        while i < len(left) and j < len(right):
            if left[i] < right[j]:
                arr[k] = left[i]
                i += 1
            else:
                arr[k] = right[j]
                j += 1
            k += 1
        while i < len(left):
            arr[k] = left[i]
            i += 1
            k += 1
        while j < len(right):
            arr[k] = right[j]
            j += 1
            k += 1
    return arr","def merge_sort(arr):
    if len(arr) > 1:
        mid = len(arr) // 2
        left = arr[:mid]
        right = arr[mid:]
        merge_sort(left)
        merge_sort(right)
        i = j = k = 0
        while i < len(left) and j < len(right):
            if left[i] < right[j]:
                arr[k] = left[i]
                i += 1
            else:
                arr[k] = right[j]
                j += 1
            k += 1
        while i < len(left):
            arr[k] = left[i]
            i += 1
            k += 1
        while j < len(right):
            arr[k] = right[j]
            j += 1",            k += 1,    return arr,"def merge_sort(arr):
    if len(arr) > 1:
        mid = len(arr) // 2
        left = arr[:mid]
        right = arr[mid:]
        merge_sort(left)
        merge_sort(right)
        i = j = k = 0
        while i < len(left) and j < len(right):
            if left[i] < right[j]:
                arr[k] = left[i]
                i += 1
            else:
                arr[k] = right[j]
                j += 1
            k += 1
        while i < len(left):
            arr[k] = left[i]
            i += 1
            k += 1
        while j < len(right):
            arr[k] = right[j]
            j += 1
            k += 1
    return arr


def merge_sort_2(arr):
    if len(arr) > 1:
        mid = len(arr) // 2
        left = arr[:mid]
        right = arr",0,0.8256156715477023,95.41243702528608,119
"def selection_sort(arr):
    n = len(arr)
    for i in range(n):
        min_index = i
        for j in range(i + 1, n):
            if arr[j] < arr[min_idx]:
                min_index = j
        arr[i], arr[min_index] = arr[min_index], arr[i]
    return arr","def selection_sort(arr):
    n = len(arr)
    for i in range(n):
        min_index = i
        for j in range(i + 1, n):",            if arr[j] < arr[min_idx]:,"                min_index = j
        arr[i], arr[min_index] = arr[min_index], arr[i]
    return arr","def selection_sort(arr):
    n = len(arr)
    for i in range(n):
        min_index = i
        for j in range(i + 1, n):
            if arr[j] < arr[min_index]:
                min_index = j
        arr[i], arr[min_index] = arr[min_index], arr[i]


def selection_sort_2(",0,0.8547305998833805,91.23312492453616,20
"def bubble_sort(arr):
    n = len(arr)
    for i in range(n):
        for j in range(0, n - i - 1):
            if arr[j] > arr[j + 1]:
                arr[j], arr[j + 1] = arr[j + 1], arr[j]
    return arr","def bubble_sort(arr):
    n = len(arr)
    for i in range(n):","        for j in range(0, n - i - 1):","            if arr[j] > arr[j + 1]:
                arr[j], arr[j + 1] = arr[j + 1], arr[j]
    return arr","def bubble_sort(arr):
    n = len(arr)
    for i in range(n):
        for j in range(i+1, n):
            if arr[j] > arr[i]:
                arr[j], arr[i] = arr[i], arr[j]

def quick_sort(arr):",0,0.3523055853669439,73.15969357827444,42
